[{"id":1,"nombre":"Matematicas","descripcion":"En este curso se dan las bases para la matematica","valor":5000,"modalidad":"Presencial","intensidad":23,"estado":"disponible"},{"id":2,"nombre":"Formulación y evaluación de proyectos","descripcion":"Desarrollo de proyectos informáticos","valor":2500,"modalidad":"Virtual","intensidad":0,"estado":"disponible"},{"id":3,"nombre":"Big data","descripcion":"En este curso se dan las bases para el big data","valor":10000,"modalidad":"Virtual","intensidad":20,"estado":"Cerrado"},{"id":4,"nombre":"Scrum","descripcion":"En este curso se dan las bases para la metodologia scrum","valor":7000,"modalidad":"Presencial","intensidad":20,"estado":"disponible"},{"id":5,"nombre":"Mineria de datos","descripcion":"En este curso se dan las bases para la mineria de datos","valor":5000,"modalidad":"Presencial","intensidad":23,"estado":"disponible"}]