[{"cc":101,"nombre":"Diego","cargo":"coordinador","pass":"123123","correo":"d@h","tel":"888"},{"cc":102,"nombre":"Felipe","cargo":"aspirante","pass":"123123","correo":"f@h","tel":"888"},{"cc":103,"nombre":"Julian","cargo":"aspirante","pass":"123123","correo":"j@h","tel":"888"},{"cc":104,"nombre":"Sebastian","cargo":"aspirante","pass":"123123","correo":"s@h","tel":"888"},{"cc":105,"nombre":"Gringo","cargo":"Aspirante","tel":888,"correo":"HG@H"},{"cc":null,"nombre":"","cargo":"Aspirante","tel":null,"correo":""},{"cc":null,"nombre":"","cargo":"Aspirante","tel":null,"correo":""}]